,Template1,Library Size,AA Library Size,Weighted Simple,Weighted Simple exp1,frac_unique,frac_top25,frac_top5,Sampled Median Mean,Sampled Median Max
184,MSMKRMMRHYMK,6144,864,0.17978648510742193,0.17978648510742187,0.48276041666666664,0.05682291666666667,0.003932291666666666,0.00021639053428486755,0.0034756703228054748
225,MSDSRSVKKHWS,13824,1680,0.359377051513672,0.3593770515136719,0.7500520833333333,0.16947916666666665,0.073203125,0.0036479643293375573,0.26075868916873096
129,YBRHSNRBBYRB,62208,2352,0.2773827600097656,0.27738276000976564,0.6713020833333333,0.15932291666666668,0.05393229166666667,0.004962418875499471,0.33530898845604884
102,WMBWKYSMVKBM,13824,1152,0.3731749994303385,0.37317499943033855,0.6543229166666666,0.255078125,0.019921875000000002,0.006828867842038263,0.5064261705889527
41,HRRMKNVHVVKK,62208,2275,0.276184731282552,0.2761757730305989,0.6445572916666666,0.10716145833333333,0.003645833333333333,0.003648550252638939,0.3426775285228304
60,MNRRBMBMNSYW,36864,2016,0.40196153800455725,0.4019615380045572,0.8027604166666666,0.303046875,0.07760416666666667,0.008051141333321687,0.5006859628576477
193,MBRKYNRBRSRV,27648,1260,0.3827653575032551,0.38276535750325524,0.7914583333333334,0.18856770833333333,0.07078125,0.005560701269973257,0.32185927709826667
70,MBNKWDWKNNDR,110592,4851,0.31168202132161454,0.3116820213216146,0.635859375,0.16755208333333335,0.028645833333333332,0.004273329755229451,0.3409480476511925
125,MYRBYNRVYSMR,18432,720,0.36214976017252604,0.36214976017252604,0.7507291666666666,0.24145833333333333,0.09932291666666666,0.012276057655847834,0.6019033672414112
83,MYNDDKBBKDBS,93312,9600,0.5450361702473958,0.5450361702473959,0.9134114583333334,0.41427083333333337,0.15703124999999998,0.029668782389434482,0.6157348388264443
52,MYHNSRBYNKBK,55296,1536,0.3803542615559895,0.38035426155598956,0.78921875,0.26677083333333335,0.09695312499999999,0.02761477959181702,0.6698481442895078
178,MHNSVBRVKVMM,62208,5832,0.46671293050130197,0.4666870520833333,0.9483854166666666,0.30559895833333334,0.105,0.008867994404685938,0.5304516214141162
30,YMMNVKRRHHWR,27648,4032,0.3436611174316406,0.34366111743164063,0.6357552083333333,0.20585937499999998,0.08505208333333332,0.005005719696592265,0.32312461417390426
81,MRSNKRMMWYBW,12288,2016,0.23157306396484376,0.2315730639648437,0.6984114583333333,0.03619791666666667,0.0,0.00022858607410286417,0.0013685451953111376
177,MMMWHSSWBKSW,9216,1800,0.3415337923990885,0.3415337923990885,0.6761458333333333,0.129140625,0.0,0.005334075994976619,0.2972669573540725
118,MMNDKSYNDHHK,82944,8580,0.33570114233398435,0.33567472387695313,0.7928385416666667,0.14950520833333333,0.021145833333333332,0.0010793730562001533,0.12137414374270632
167,MMKKBSSSRSVH,13824,1536,0.3618419919433593,0.3618419919433593,0.8491666666666666,0.22653645833333333,0.09197916666666667,0.0036282093736249594,0.2320009930200987
76,MWSDVYNVBRRB,62208,6272,0.5870869624837239,0.5870869624837239,0.9241666666666667,0.38299479166666667,0.10825520833333334,0.009055526016447216,0.4073305046061231
100,MWMHHDRWNSHH,62208,4368,0.4138106621907553,0.41378759505208335,0.8529427083333333,0.2228125,0.014114583333333333,0.0012274563184810133,0.19014638134984266
227,MRHRVSBYSRMK,13824,1944,0.45121402246093767,0.45121402246093756,0.8576302083333333,0.26330729166666667,0.019635416666666666,0.003950880667998631,0.19612627296972368
194,KKRBWNVYWMRH,27648,1620,0.24843652498372396,0.24843652498372396,0.6596614583333333,0.089296875,0.008567708333333333,0.0016012153504900897,0.20159705588327864
99,SKHNHVDHWBWH,139968,7956,0.4606499331054688,0.46062986596679684,0.8051302083333334,0.28395833333333337,0.06270833333333332,0.0017464485960420185,0.1393012857981465
84,SKVSSMVMWWDS,13824,1728,0.299910096516927,0.2999100965169271,0.8146354166666666,0.14458333333333334,0.008932291666666667,0.0024566722806430583,0.33530898845604884
111,RKHBVKYNDWMR,41472,2860,0.27741331827799476,0.27741331827799476,0.5529947916666667,0.185546875,0.025208333333333333,0.004147066934815841,0.26659876193424786
47,HHMVBVDRNHRN,279936,13200,0.33254117325846366,0.33252326440429686,0.704140625,0.18067708333333332,0.060625000000000005,0.0036424699634381055,0.2447660392313229
137,HWVHHNKKMWDW,62208,7800,0.3411011969401042,0.3410885642089844,0.5833854166666667,0.23135416666666667,0.10924479166666667,0.012019822743117844,0.38097496544216086
71,HHHRWNRYWBWN,82944,3024,0.407223448404948,0.40722344840494795,0.7943489583333333,0.21078125,0.03174479166666667,0.0018787268728869327,0.13989064305001656
210,HYSWVMMYSWYS,9216,1680,0.31409451676432293,0.31409451676432293,0.6979166666666666,0.164765625,0.0,0.006998486491357004,0.4243924386366027
1,HYNNVBNRHSRS,165888,8064,0.42871969295247403,0.428719692952474,0.8474739583333334,0.20932291666666666,0.07552083333333333,0.006512298928084177,0.39922569036830746
106,HYWHRVWNYWMS,27648,2520,0.39525392854817715,0.3952539285481771,0.6342447916666667,0.286484375,0.0709375,0.004561389238223046,0.24511773982237578
34,WWDHKDBWHBSV,69984,5184,0.2781064659830728,0.2781064659830729,0.63703125,0.09372395833333334,0.0,0.02084165773034569,0.5753480839710793
151,HWMMDNSVHVMY,62208,3888,0.48374520402018234,0.4837073601074218,0.8426822916666666,0.35078125,0.12403645833333334,0.015531346828930145,0.6019033672414112
85,WHBSBMNNKKRS,55296,8820,0.35908337272135404,0.3590424357096354,0.7749739583333333,0.17414062500000002,0.04010416666666667,0.010328123590410953,0.4670218845468618
226,YHHHWMDRVHRK,46656,7920,0.31973164925130204,0.31971175821940107,0.6244270833333333,0.168828125,0.06104166666666667,0.005197475642870651,0.3786057692121135
117,HWHYHHRDWNRH,93312,7776,0.36840847810872385,0.368408478108724,0.7785937500000001,0.20419270833333333,0.09346354166666666,0.006082596093322375,0.4513079291508239
150,YYWYRSKSBWSM,6144,700,0.37480553833007824,0.37480553833007807,0.50234375,0.33484375000000005,0.14184895833333333,0.023863041314197586,0.6140509583389767
171,WYSNWDVHSRWS,27648,7098,0.5241891518554688,0.5241891518554688,0.8722656249999999,0.33169270833333336,0.0403125,0.0015481213770737455,0.11585792519111879
88,WWNVKDVKMKWR,27648,1344,0.34986395198567716,0.349863951985677,0.5424739583333333,0.22830729166666666,0.10369791666666667,0.0063512600699777,0.2011670876378062
24,WYMKRWVVYVVK,20736,3240,0.3819153307291668,0.3819153307291667,0.6944010416666666,0.24835937500000002,0.07604166666666666,0.006109119883255196,0.47737805056742405
192,WYMKSKNBBNNW,73728,6175,0.5351044060058592,0.5350853671875,0.8947395833333333,0.37177083333333333,0.12752604166666667,0.017073281196225965,0.607977162790194
45,WHYVHBBNVKMH,139968,7488,0.4546901521809897,0.4546738384602865,0.8070833333333334,0.28533854166666667,0.08325520833333333,0.016232131599850513,0.5217187586634384
168,WWHHDMKRNRMM,27648,3528,0.44215263444010394,0.4421526344401041,0.5996614583333334,0.3272395833333333,0.14072916666666666,0.02486606407434095,0.6126360757102699
148,YHYMNVRMVVMR,41472,2376,0.36628931559244793,0.36621863330078125,0.8918229166666666,0.15986979166666668,0.006276041666666667,0.008602122526195527,0.5251348667235635
149,YYYMHVWBBRRB,31104,2268,0.37430349853515643,0.3743034985351563,0.8642708333333333,0.1834375,0.0278125,0.010492208765406385,0.4788969211636454
7,YYYHYYHSNRWH,27648,1008,0.32035188753255206,0.3203518875325521,0.7290104166666667,0.20151041666666666,0.055781250000000004,0.0010259064640674147,0.11401113257228226
8,WYYWYNNYBDRW,36864,2160,0.3832388417154949,0.3832323551432291,0.7487499999999999,0.2030729166666667,0.03661458333333333,0.012230576114368135,0.48674800592028256
185,VRRYYBWVBVVB,69984,2160,0.328104555501302,0.3281045555013021,0.8055989583333334,0.14984375,0.010052083333333333,0.003111596655995413,0.40914245441548214
69,KWRRKHSKYKWD,9216,560,0.29302420874023444,0.2930242087402343,0.4276041666666666,0.19773437500000002,0.09583333333333333,0.00813503392567823,0.25881175903116327
14,RWRRKNVNNVSM,73728,2880,0.3843404790852864,0.3841577186686198,0.901875,0.19388020833333333,0.049401041666666666,0.017039892461391523,0.5138950553768297
202,VDNWKRYWNDVS,82944,6084,0.37192475724283847,0.3719200450846354,0.6703385416666667,0.14192708333333334,0.0,0.01700589239484703,0.5753480839710793
0,VDNMVKVHYSNY,124416,7488,0.3739272943522136,0.3738839424641928,0.9626302083333332,0.182734375,0.02125,0.007613866529890772,0.4998870504018329
26,RDVVDDHVBSMB,157464,9360,0.42617768929036465,0.42615190006510417,0.9193489583333333,0.22247395833333336,0.027708333333333335,0.007000002681651879,0.5109908062620693
232,RDDVYVBHNNBR,279936,10080,0.3703266208496095,0.3703266208496094,0.8738020833333334,0.2177083333333333,0.04080729166666667,0.008203600508549899,0.46933503684575506
198,VRVDVYVSSHBS,69984,4320,0.4748657434082032,0.4747466270345053,0.9184635416666667,0.29424479166666667,0.103515625,0.005005978245852617,0.27762690867593603
62,NWBVMRWNSWWB,55296,8112,0.4153369485677086,0.41533694856770836,0.7913541666666667,0.24559895833333334,0.04265625,0.0005508365901721186,0.04010880889031415
73,NWHYBMVWSWWD,41472,6720,0.31727605289713545,0.31725162646484373,0.696875,0.14395833333333333,0.0,0.0004114926965653014,0.010880359241618101
154,DWSKMMVDKMYN,27648,4290,0.4261846804199221,0.42618468041992186,0.7432291666666666,0.25981770833333334,0.07466145833333333,0.009537412871816434,0.379346262527738
82,BWMHHYHBKVWV,69984,8100,0.48647622363281257,0.48647622363281257,0.8794791666666667,0.3351822916666667,0.07901041666666667,0.0021977699926415345,0.15193709822274612
156,BWWWRSBYKSWH,13824,2592,0.45342914184570304,0.4532797194824219,0.713203125,0.341953125,0.11518229166666666,0.0059291628667794555,0.2633032188867553
107,BWSDSMSBDMMM,20736,2268,0.33510313891601556,0.3350897424316406,0.7283333333333334,0.19479166666666667,0.07322916666666666,0.009669095916066649,0.38142925985009135
131,SWVNDKVMDNDK,124416,17496,0.5002302954101562,0.5002302954101562,0.8973697916666666,0.3213020833333333,0.03557291666666667,0.004259442380341193,0.3637286387122082
2,VDYKRSBMDRKH,31104,2835,0.4516288658040362,0.4516288658040364,0.7045052083333333,0.3765364583333333,0.11463541666666667,0.0055688374486308305,0.4826648244282961
67,SDBNKDWHBWVH,139968,7040,0.43071030232747387,0.430663216064453,0.7486197916666667,0.22361979166666668,0.040651041666666665,0.0037925670872324003,0.24809959366953263
205,VRHHRKHBHVRR,69984,4050,0.31931760563151046,0.31931760563151035,0.8043489583333333,0.10822916666666667,0.003515625,0.004494713920081826,0.3697875279596965
136,RRNYVMDHYSVM,41472,4032,0.26627486458333327,0.2662748645833333,0.7828125,0.09023437499999999,0.0014843749999999998,0.0025072212302218503,0.1594819867894721
44,SRMSRRMYHNKW,12288,864,0.23090742114257812,0.23088760685221343,0.7115104166666667,0.03958333333333333,0.0,0.0024033273480333476,0.3405236760380199
119,SRKDKMSSKNRS,12288,2808,0.39639150187174493,0.3963454650878906,0.77703125,0.27091145833333335,0.08609375000000001,0.002319786999577261,0.19914521107545416
221,SRKKBMSKWDSN,18432,1536,0.40076910546875,0.40076910546874994,0.7184635416666666,0.1864583333333333,0.12802083333333333,0.011019468926488338,0.4174110494824336
132,KWNMRKRMNHVB,55296,3024,0.40472318725585926,0.40472318725585943,0.746953125,0.22078125,0.025677083333333333,0.005714938221823732,0.3746392440778588
211,KWWWVVWYRKVR,13824,1890,0.3120523193359375,0.3120523193359375,0.47661458333333334,0.19369791666666666,0.04471354166666667,0.021892424660732573,0.5457370834049752
6,VWYBMYWBMMRR,13824,864,0.24761690535481773,0.24761690535481773,0.6926041666666666,0.09205729166666667,0.016640625,0.0002296777690038384,0.0024062332389493675
74,VRYWBHDHVRVW,69984,6048,0.44054292456054694,0.44052709456380207,0.825546875,0.176796875,0.011067708333333334,0.003262637709498202,0.23894186478194523
215,RWBSMHBWWMMK,13824,2268,0.28143318668619804,0.28141296020507817,0.7879947916666666,0.10526041666666668,0.0,0.004940715977652263,0.2885108587784677
147,SWBYDHMRVNVD,93312,4608,0.4298248428548177,0.42982484285481765,0.7374739583333333,0.2568229166666667,0.027213541666666664,0.0009230018391850889,0.08853207401798108
36,RRYDVNRKDBDY,62208,2808,0.4575025360514321,0.45750253605143226,0.8301302083333333,0.28984375,0.14143229166666668,0.0030163625956068233,0.2744570613961786
201,HDDWDRVVMHBM,104976,10584,0.32744204679361977,0.32744204679361977,0.606484375,0.21169270833333334,0.061015625,0.005216451950589521,0.33966389116830387
179,HDDWVWYNWDBK,93312,13440,0.3707794738769531,0.37077947387695315,0.6257552083333333,0.2401822916666667,0.04505208333333333,0.01656995386361272,0.5384432667536583
97,DDDDDWMKMVYD,69984,6272,0.4023224232584636,0.40227888476562507,0.7541927083333334,0.219140625,0.045234375,0.00980645465711472,0.4365008906855273
16,HNNSRHVDDYNV,373248,13728,0.36169842195638036,0.36169842195638013,0.7934114583333334,0.15533854166666666,0.05057291666666667,0.0036614546518094968,0.258311385465216
239,NDSYSYRBHWHW,41472,4536,0.412530331217448,0.412530331217448,0.8241406250000001,0.2840885416666667,0.12161458333333335,0.007438367460608831,0.2687577214351957
228,HSVNDDHWBRHK,139968,11340,0.38760796020507804,0.38760796020507815,0.7769791666666667,0.14580729166666667,0.0005989583333333334,0.0046417001825138655,0.47004679848062625
236,HSVHVBRRWBWW,46656,5292,0.44242393839518224,0.4423839190266927,0.76078125,0.293828125,0.13213541666666667,0.008694509202861684,0.3899545288288448
110,HSDSBBDMNDWK,93312,4158,0.3437973216959634,0.3437973216959636,0.7328385416666667,0.19294270833333335,0.030130208333333335,0.00044797272056870945,0.02800656560802206
75,WVVBNRMNYRMD,82944,4752,0.2925035454915364,0.29248846484374996,0.6866927083333333,0.10132812499999999,0.014166666666666668,0.002409355837237527,0.36802251527793484
55,HVSDRKVMSYBD,46656,9504,0.29087410278320314,0.29087015885416667,0.7819791666666666,0.10924479166666667,0.0005989583333333334,0.0006641598453679598,0.055235220383292497
79,HVKVHHWHSRWR,46656,7200,0.3880625620117189,0.3880625620117187,0.8264062499999999,0.20554687500000002,0.03596354166666667,0.0018818432426390653,0.3012916466628981
12,WDVSSHYKYDWY,20736,1152,0.29609712752278655,0.2960971275227864,0.7100260416666666,0.12776041666666668,0.005390625,0.00449064938132916,0.40816824019973086
61,HNBMSKWVVYRM,41472,3456,0.20515191601562502,0.205151916015625,0.5523177083333334,0.09098958333333333,0.014166666666666668,0.0005630888747129342,0.05045327867694623
58,KDVKDRMHVMNV,93312,5940,0.2052714875488281,0.20525431412760417,0.5928385416666667,0.06234375,0.0,0.0019144050331739572,0.22248441645797754
27,KDDNMDSBYRDS,62208,7200,0.36045091512044275,0.3604389736328126,0.7355989583333334,0.24432291666666664,0.09510416666666667,0.01380828323625365,0.4826648244282961
165,WNMVDWKHRDMH,62208,7128,0.44441349763997395,0.44441349763997406,0.6631770833333334,0.3005729166666667,0.05684895833333333,0.011858187260718626,0.5018166823090776
231,HBBWHWSDDKBR,69984,5040,0.5082858503417969,0.5082617950846354,0.7862239583333334,0.3148697916666667,0.111953125,0.01798995519738293,0.5146123774078395
86,HBHRBMWWNHDM,93312,6048,0.28971188297526057,0.28969944352213534,0.712265625,0.072421875,0.0,0.0009931937162766294,0.09964782598778085
49,HDHMKRMMDSSK,20736,1152,0.2254369802246094,0.22543698022460937,0.7048437500000001,0.06580729166666667,0.0,0.0008563553952487669,0.09426905279346602
19,BDBRHHMDHYKH,104976,4160,0.38433345076497377,0.38433345076497405,0.8049739583333334,0.165703125,0.020520833333333332,0.002908892682373682,0.4313015695755656
31,WSDRRSWMBSBD,20736,1512,0.36081206966145857,0.36081206966145835,0.6755729166666667,0.20419270833333333,0.04489583333333333,0.0016677235019941835,0.07827499991743862
160,WVWYNRYDKWBD,41472,5040,0.27178373038736975,0.27176810286458336,0.5411458333333333,0.11125,0.0,0.0018414178558974659,0.21318966614767113
40,WVKNSSDDBHDD,139968,16128,0.33162176993815107,0.331621769938151,0.764765625,0.14309895833333333,0.04690104166666667,0.003909498068671252,0.32312461417390426
63,WRDRNKYBKSWH,27648,4032,0.3504132577311197,0.3503887380371095,0.7001302083333334,0.18041666666666667,0.0234375,0.0034787439504124044,0.4168464038088214
164,YRVDNMHSHWHN,124416,6720,0.3037365931803386,0.3037365931803386,0.566015625,0.176484375,0.032552083333333336,0.0010732864533118812,0.10113832144424922
33,YVSRHRBNYDBB,93312,9072,0.46298292846679695,0.46297238232421867,0.8879427083333334,0.23817708333333332,0.06424479166666668,0.015810712538635942,0.5060769998526002
204,YVSVMSYWNBKD,41472,3888,0.2639915304361979,0.2639915304361979,0.67328125,0.09997395833333333,0.0,0.012037456106365654,0.50373184508862
80,HRWMYSWDSYYM,9216,2160,0.23620978409830737,0.2362097840983073,0.6802604166666667,0.06510416666666667,0.004453125,0.0005444079587293446,0.035154389447883044
133,YBMVNSMSKYVH,41472,3584,0.218297359781901,0.218297359781901,0.7479947916666667,0.07111979166666667,0.010677083333333332,0.0004522573251959876,0.024483305906717427
96,YBMRBMBVNHVN,186624,7644,0.3347926637369794,0.33479266373697913,0.7347135416666667,0.18416666666666667,0.047447916666666666,0.004536244122472207,0.33530898845604884
190,YBMSVBRBYBYW,31104,2016,0.38074160506184895,0.380741605061849,0.799296875,0.2630208333333333,0.11864583333333334,0.012451168665623954,0.5183026506033135
101,YKDKDKBVVHMY,46656,4680,0.3786130610351561,0.3786130610351562,0.683984375,0.2634375,0.07484375,0.005486351379574882,0.35479111012849657
163,WNBBRHVSDWVM,93312,5616,0.38193283780924475,0.381908442545573,0.6613802083333333,0.25861979166666665,0.09880208333333333,0.009377283274013508,0.4921306667125791
10,WKVNWSBBSHKH,62208,8190,0.45443214640299473,0.4543989635416667,0.7772135416666667,0.3192447916666667,0.10828125,0.012525463293944605,0.4231931760039303
78,WKDBDBNBYNVM,186624,19305,0.42775121582031256,0.4277512158203125,0.795390625,0.27416666666666667,0.08869791666666667,0.018045410164899335,0.5534377307995237
93,HKMNNBVYVDDR,186624,10290,0.3147973719889323,0.314772796875,0.7260416666666667,0.16171875,0.025703124999999997,0.008828982991027565,0.48914926984050716
161,WDMSMWNBBBMM,41472,7020,0.30217132617187503,0.3021552899576823,0.7371093750000001,0.18479166666666666,0.055390625,0.010516411024237643,0.5379069486277384
109,YNHVVBDWNRVD,279936,11880,0.306511534342448,0.3064952432454427,0.818046875,0.05138020833333334,0.0,0.01161839427862001,0.47613447984051316
94,YDMKKHDWNDSN,82944,4224,0.30083119555664073,0.3008311955566407,0.611640625,0.06861979166666667,0.0,0.013247169763891242,0.4548851754823633
59,YDSRNVWNNHDH,248832,16848,0.39272335961914046,0.39270898291015627,0.7512760416666667,0.19315104166666666,0.03247395833333334,0.002353678288536205,0.21227524833156003
229,HNYHHKYBYMDR,62208,5148,0.3330981109212239,0.33308459667968754,0.8912239583333333,0.15361979166666667,0.024374999999999997,0.0007663566744730422,0.0507415831623981
56,HNYDVSDNNVWW,248832,23166,0.5623858699544271,0.5623572444661459,0.8706510416666666,0.37593750000000004,0.11661458333333334,0.004378227357832682,0.30252600604350055
234,BKMYMDWDSMWK,13824,3528,0.2958888675944011,0.2958888675944011,0.6416145833333333,0.17794270833333334,0.016458333333333335,0.000674452881212119,0.047716829694909736
123,DKSYBWWNKKRY,18432,3640,0.4152875065917969,0.41528750659179686,0.7875,0.241328125,0.045859375,0.012982383758501234,0.46135512951159185
181,DKMDHBRVNWRH,93312,7938,0.4929472386881509,0.4929271764322917,0.7089322916666667,0.35966145833333335,0.125078125,0.01281435549979389,0.4930200137273856
159,NRBSBKRYDHHB,93312,5070,0.31092739550781234,0.3109071238606771,0.8693489583333333,0.1171875,0.0,0.0011232744230088394,0.12548871191329855
143,DRSKNHRWVHYK,41472,5929,0.30437399389648445,0.30435488216145834,0.7953385416666667,0.020520833333333332,0.0,0.0006499258774825671,0.049541736185960694
145,KDKHYMVYHRDV,46656,3600,0.3028740187174479,0.30287401871744796,0.8542187499999999,0.13502604166666668,0.0178125,0.009783284757807917,0.5056258364772573
191,YVBDNDVKSBRB,139968,11340,0.34989893229166674,0.34989893229166663,0.79015625,0.15002604166666667,0.06151041666666667,0.008126956347390395,0.4670218845468618
122,HRHBDDYRWHHR,69984,6318,0.2580676700032553,0.2580676700032552,0.49861979166666665,0.08322916666666667,0.0,0.0006552727629192179,0.049882617800573584
18,WBBDYDYKVWDB,69984,5184,0.42368165820312487,0.42368165820312503,0.784296875,0.14520833333333333,0.00028645833333333333,0.005441289701281975,0.4617607275405646
139,WBHBDWNDNKNN,497664,20736,0.4627483907877605,0.46272845808919266,0.6960937500000001,0.2759375,0.08125,0.01095836542502878,0.4548851754823633
9,BKBHVHYKKVWK,46656,3850,0.47570606404622423,0.47568832942708333,0.8423697916666667,0.2841666666666667,0.016510416666666666,0.004818726655476576,0.2950669758365919
183,WSMDKHNVRWMW,27648,2970,0.3354364169108073,0.3354364169108073,0.5632812500000001,0.19010416666666666,0.05565104166666667,0.0014063377503166076,0.0591103653374101
113,WSSNHVRMKDVD,62208,6630,0.41872673046875003,0.41870065185546873,0.7911458333333333,0.17859375,0.0029687499999999996,0.0034010926870045076,0.30383583576100703
223,YSKVYMSDBSNW,27648,2400,0.3132974169108073,0.3132974169108073,0.8990885416666666,0.11958333333333333,0.05075520833333333,0.005719097023635617,0.4587939990665492
15,WRKVYDRWVDVS,31104,5096,0.24665163452148436,0.24665163452148434,0.7846875,0.004348958333333333,0.0,0.00238151288117977,0.24311722867131955
5,WKKHRVHVMNHB,93312,14960,0.40386834920247394,0.40381581298828123,0.7009114583333332,0.2596614583333333,0.05765625,0.00403594177223247,0.3024068018556497
217,KRKRBNBMNBVD,124416,6552,0.28964278751627615,0.2896314946289062,0.6819791666666667,0.14106770833333335,0.0010416666666666667,0.004555340429335868,0.3722799442572935
208,WRHWSSNSSBWM,18432,2520,0.4436102567545573,0.44361025675455706,0.6740624999999999,0.3427864583333333,0.111640625,0.004877171330836674,0.3423254957574557
23,WRBWYRWSSKMB,9216,1200,0.41429813061523446,0.4142981306152343,0.6437499999999999,0.23328125,0.008229166666666668,0.006633647932295757,0.4882870118385226
170,YDYRKBYRDDYW,20736,1764,0.4140327253417969,0.41399272550455724,0.6502864583333333,0.19296875,0.0007552083333333333,0.006800930898585982,0.4882870118385226
144,BKYMKSHMVKVV,31104,2430,0.36809168310546864,0.36809168310546875,0.6556510416666667,0.20791666666666667,0.036744791666666665,0.003634249894441343,0.2345870435582543
230,BKYDRNSYNRHV,82944,2376,0.4082146327311198,0.4082146327311198,0.7925,0.26489583333333333,0.04453125,0.01859452576403874,0.6162714928358993
91,KKHDWDBNWDWS,62208,10890,0.4212834114583333,0.4212834114583333,0.6623697916666667,0.29640625,0.094296875,0.005070670432035008,0.33177683463177454
87,KRHKWSBDWDHS,31104,7056,0.33696161979166667,0.33696161979166667,0.5865104166666667,0.13731770833333332,0.05609375,0.006847344096973941,0.3729323596768958
25,WSYDNBYKVRKK,27648,1944,0.4379180720214842,0.43791807202148436,0.7057552083333333,0.24656250000000002,0.003203125,0.012193145630152197,0.45677554411085225
120,YRYHBKYMSVKM,13824,1440,0.33109928027343755,0.33109928027343755,0.726171875,0.2354166666666667,0.05580729166666667,0.0013166752411988207,0.1135385633837504
105,YRYRSBRYMRDY,9216,480,0.3466622941894532,0.3466622941894531,0.6683072916666667,0.1728125,0.010755208333333334,0.0021985908130238967,0.11311384304745785
53,KKYBHDMDNNSW,82944,3456,0.35152187329101564,0.35152187329101564,0.7840885416666666,0.15419270833333334,0.018229166666666668,0.008950464803355717,0.4544860732560717
116,DNRWVSWSHBSK,41472,4095,0.4106212249348957,0.4106107209472656,0.6715104166666667,0.2905729166666667,0.06791666666666667,0.0154409813891083,0.6548964936960946
180,NHKKHNDSYBYN,165888,4590,0.60466469523112,0.6046220614420572,0.8203125,0.541015625,0.2513020833333333,0.028863506453558344,0.6215546336078905
64,NHWWNKVBVDKY,124416,12480,0.5304291621093751,0.5304291621093751,0.8741145833333334,0.363515625,0.13182291666666665,0.01906244437876462,0.5319356873201604
187,NHMSVBYNKKDV,124416,14080,0.3491648968912761,0.3491065534667968,0.7316927083333334,0.21286458333333333,0.041328125,0.010205766435979322,0.5054507947046443
214,VNBDNRWVSWYD,124416,11232,0.5379710407714845,0.5379232145996092,0.7773177083333334,0.36302083333333335,0.07973958333333334,0.001463846641971381,0.11425450524500437
51,DNVVBWVDSVYN,279936,14742,0.48378887540690096,0.4837746950683593,0.8965885416666667,0.29619791666666667,0.09216145833333333,0.009270155547897795,0.4179623623030554
104,BNVRNDVRSWHY,124416,10368,0.5506634921874999,0.5506397357584636,0.8885416666666667,0.311171875,0.12028645833333333,0.00490868969513564,0.2193943209174341
174,NBSBHHDBMBBK,209952,17160,0.4665999966634116,0.46657642138671857,0.889765625,0.316953125,0.120546875,0.017602162395889055,0.5792421057396576
121,NBNKYNWYYBSB,110592,1960,0.3832032786458332,0.38320327864583326,0.8483854166666666,0.18473958333333332,0.04802083333333334,0.015176013867359225,0.5125497662644571
203,NVSBWVRVSMDR,62208,7776,0.4256873306477866,0.4256873306477864,0.8021875,0.22192708333333333,0.061718749999999996,0.0033040788290965217,0.29448550950814184
98,DNWNRVNYKBBY,165888,16848,0.3939938033040368,0.39399380330403644,0.7834895833333334,0.23124999999999998,0.05244791666666667,0.012672140661826752,0.5304516214141162
77,NBYWDYYBNMDS,82944,4752,0.42972556127929695,0.42966115307617186,0.8947135416666666,0.23330729166666667,0.043854166666666666,0.0014123548198693432,0.06639651475940458
11,BBRSWSSNHSSK,27648,2160,0.31917455069986983,0.3191085887044271,0.8303645833333334,0.14453125,0.043828124999999996,0.015360331944771065,0.47454912382048725
20,VBBMNRSKVVBW,93312,2880,0.46495104931640635,0.4649373662923176,0.9188541666666666,0.30192708333333335,0.12692708333333333,0.014338286399692778,0.49513206942659127
42,VBVKNDKNDSMY,124416,5760,0.3896198427734373,0.3896198427734375,0.7254947916666666,0.24690104166666668,0.08734375,0.012466029057972863,0.6215546336078905
186,VVRNMBBMVHHR,139968,7776,0.32782040437825527,0.3278060455729167,0.7276041666666666,0.21114583333333334,0.022552083333333334,0.000396917971898158,0.027035262953557508
140,VHDNSYDYBDVH,209952,8736,0.4634994073893228,0.463499407389323,0.8946354166666667,0.27786458333333336,0.06377604166666666,0.01502944550234979,0.5304516214141162
212,VVDWMYSVWYBW,31104,2688,0.37876533610026036,0.3787653361002605,0.8173177083333334,0.21723958333333335,0.06971354166666667,0.006591673913165626,0.3910129096036713
238,VVWBHBMDVSYS,69984,5184,0.4069583816731769,0.4069211116536458,0.8988541666666667,0.23072916666666665,0.017187499999999998,0.0013508833800489391,0.10480005344134165
173,DHNBYNSKSNNK,221184,7056,0.44000102880859365,0.44000102880859365,0.8792708333333333,0.2519270833333333,0.1340625,0.015465861074829692,0.4577915703485155
152,VHHWRRHNDDRB,139968,8448,0.276108291422526,0.276108291422526,0.5200520833333333,0.14731770833333332,0.022473958333333335,0.00632128607128306,0.5317775571066448
126,VVYYSMVDYHSM,31104,2430,0.23521100317382815,0.23519545556640628,0.7190364583333334,0.098125,0.03927083333333333,0.0018918361147023063,0.1760827223676121
138,BBDWYYHBHNMN,186624,4752,0.3645713061523437,0.3645644229329427,0.8115104166666667,0.17981770833333333,0.03588541666666666,0.009548405697273199,0.5078963385290859
146,BVVRYVNKYYNS,82944,5720,0.33841348437499996,0.3383772626139323,0.7923177083333334,0.14921874999999998,0.04638020833333333,0.003587205547395457,0.20721615945352434
21,BBSMSKMKNWSV,27648,1200,0.2513288973795574,0.25132889737955727,0.679140625,0.10411458333333333,0.020364583333333335,0.0078040532736960025,0.5836978432456892
4,DVWDMMDKYRSM,20736,3240,0.45492741056315084,0.45492741056315106,0.7494270833333333,0.304609375,0.12294270833333333,0.02014935027603982,0.5347101538559146
66,BVSKWSKRMRNK,18432,6552,0.3930095590820313,0.3930095590820312,0.591484375,0.2625,0.13143229166666667,0.010625505521798341,0.44849092467157237
237,DVYKYMMSKKSY,9216,640,0.33970627815755206,0.339706278157552,0.7035677083333334,0.12471354166666666,0.020260416666666666,0.0009573829984232613,0.08296617089593396
90,NYSVDSWBKMRW,27648,6318,0.43909881559244796,0.4390988155924478,0.94109375,0.19677083333333334,0.03609375,0.0013928221488720858,0.1477571074606367
222,NMRNDHSWKRYM,36864,3072,0.47222126253255214,0.47218188094075514,0.7638802083333333,0.26544270833333333,0.0012239583333333332,0.00513974521146394,0.29442215300552643
72,NMDWBNNNRHMN,442368,16200,0.3137254095052084,0.3136915400390625,0.709609375,0.127109375,0.033776041666666666,0.0022991491494402027,0.23486001221550556
166,NMVYNHSYWSWR,36864,1920,0.3140008593749999,0.31400085937500005,0.7374999999999999,0.19770833333333335,0.029583333333333333,0.0006848578748167393,0.03600956102629125
195,RNVMYYKYYHHV,41472,2496,0.38495038761393224,0.38495038761393224,0.8295052083333333,0.2665625,0.05520833333333333,0.00326297937753381,0.2744447404165904
68,NMWBHRDHKVSB,93312,8064,0.28256952376302086,0.2825518668619792,0.758125,0.10552083333333334,0.011145833333333334,0.00504709564831384,0.3136216513378217
37,RNNKNBBSYVDW,165888,10368,0.5984379071451825,0.5984379071451822,0.9281510416666667,0.4927083333333333,0.18838541666666667,0.010484327028976736,0.4321278690366965
220,RNWMMHKKYVVB,41472,3168,0.4149886909993489,0.41494618204752604,0.9156510416666667,0.2615885416666667,0.118359375,0.018588352164493706,0.5973187685820347
158,SNSSKYKNWHVR,36864,3520,0.322010860514323,0.32201086051432287,0.6828645833333334,0.17299479166666668,0.04393229166666667,0.003051199832645083,0.23581560150091507
38,SNNHVVWRSNBM,165888,11520,0.376183596923828,0.3761653575846355,0.7241666666666666,0.24197916666666666,0.037135416666666664,0.006184266730687003,0.4979503937580831
108,SNMKBRBBHHKD,93312,6300,0.3987669345703126,0.3987669345703125,0.776953125,0.24330729166666668,0.07630208333333334,0.006220890269296773,0.32108094004836857
43,NMHDNYRDVBRB,186624,13200,0.410100385904948,0.4100923635253906,0.8841927083333333,0.172109375,0.081171875,0.0035430621425270553,0.2585029791744256
112,RNHMHVBBRWHR,93312,6237,0.3986489174804686,0.3986359313964843,0.7484635416666667,0.27794270833333334,0.10111979166666667,0.005845871238614157,0.27658439945384783
218,RNHRHSHYKYWN,55296,4158,0.395735597981771,0.3956877954915365,0.8004427083333333,0.18898437499999998,0.030651041666666667,0.0003462652879859584,0.019027242350104005
28,SNBRNYYMYRVM,36864,2880,0.4297220922851561,0.4295930795084635,0.9223177083333334,0.244375,0.047890625,0.005753034082593209,0.2588948569373393
127,NSVVNYRRSRHY,55296,4536,0.5805297283528643,0.5805090572102863,0.9043489583333333,0.3875,0.19286458333333334,0.004365955936217835,0.16068807814099018
50,KNVHBKNHRKRY,82944,5760,0.3709522858072918,0.3709398249511719,0.7638020833333333,0.17786458333333333,0.021354166666666664,0.01372530736988417,0.5695897944523968
124,NSHNRHMWVMSH,82944,2688,0.25872625341796873,0.2586776378580729,0.7810416666666667,0.06317708333333334,0.0,0.0018479009433773684,0.20186240410436052
3,KNHRSBKHYVBW,62208,2970,0.4701316308593749,0.47005057112630205,0.8444270833333333,0.26833333333333337,0.05580729166666667,0.013972815516646347,0.5125497662644571
182,KNYKSKHSHVNV,82944,3840,0.4384992473144532,0.43849924731445317,0.8708593750000001,0.26739583333333333,0.05645833333333333,0.004816763761021459,0.5875927331984512
130,DSRNVSRYRDHN,82944,7840,0.4083627179361981,0.40836271793619794,0.7964583333333333,0.206640625,0.016692708333333334,0.003152572152662122,0.2908936169196964
39,VSSSNYVVKNBW,82944,6912,0.4026979170735679,0.4026979170735678,0.9221875,0.22283854166666664,0.06572916666666666,0.0027575704477620553,0.22137346266265714
22,SBBVSHMSNRRR,41472,576,0.18884010652669275,0.18884010652669272,0.70296875,0.05763020833333333,0.009479166666666667,0.0003133764024926768,0.024824627662293135
17,SBYVMYWKBHHR,31104,2592,0.3599016146647137,0.35990161466471354,0.8140364583333333,0.211953125,0.03606770833333333,0.004020015419284883,0.22603638929396874
135,BYDHBVRSMWYY,31104,1320,0.5131528499348957,0.5131528499348957,0.7589843749999999,0.4280989583333333,0.21174479166666668,0.013360351026506484,0.38325001270696607
175,DYDNMHMWRRNV,82944,5760,0.5111434336751303,0.5111434336751302,0.9034895833333333,0.34065104166666665,0.018072916666666668,0.014944875803646906,0.48914926984050716
103,DYYNVSVYDBYV,93312,4032,0.422995612467448,0.42299561246744793,0.8934375,0.2643229166666667,0.04981770833333333,0.013530348522037404,0.6273102417647733
188,DMRKBDBKDNKS,62208,4320,0.38116410213216134,0.38116410213216145,0.676171875,0.19747395833333334,0.08091145833333334,0.012334800849619852,0.46933503684575506
65,RHRHWYWDRYRY,13824,1176,0.2917381723632813,0.29173817236328126,0.6372395833333333,0.08958333333333333,0.0,0.0012206040816474927,0.09802940752362155
172,RVRHNMNRDNYM,110592,8736,0.4551121374511717,0.45511213745117196,0.7720572916666667,0.274296875,0.09583333333333333,0.005415963800017871,0.3330426295384694
199,DMDNDHNBSRVB,279936,16848,0.4698110298665364,0.46980075325520826,0.8210416666666666,0.2615885416666667,0.07382812500000001,0.012342330906555789,0.4708237281979139
57,DMVHKNRMRVBH,93312,2916,0.4327664083658853,0.43276640836588537,0.7564583333333333,0.24234375,0.020416666666666666,0.0032216929013707592,0.2501407671575562
46,VMDBWBHKVMRH,69984,4374,0.30601764819335925,0.3059628563639323,0.7863281249999999,0.05622395833333333,0.004921875,0.0005293243707084499,0.03524623413566139
153,RVVMVNYWKMVS,41472,3456,0.26011889916992176,0.26011889916992187,0.77734375,0.033880208333333335,0.0,0.0035458531390734375,0.2311422980313951
128,RVDMMKKWSRDW,13824,3402,0.31896003238932297,0.31894614298502605,0.8007291666666667,0.10557291666666667,0.0,0.004306968485248164,0.33461225963517977
207,SHWRSMDYNSVR,27648,1920,0.37982384480794296,0.37982384480794273,0.87953125,0.18026041666666667,0.024166666666666666,0.01585676499016793,0.6089341563837785
235,RVMVWWMWSYBS,13824,3969,0.37926034684244797,0.3792342297363282,0.9287239583333333,0.07372395833333333,0.0,0.0005557092708116998,0.029728397511080137
142,SVNBKDDWHNSN,248832,5760,0.2618949156901042,0.2618903679199219,0.7982552083333333,0.01690104166666667,0.0,0.004569602105906916,0.3065608951754604
176,SVHKRRRVDYDB,46656,2592,0.26922688305664066,0.2692268830566406,0.5304427083333333,0.13265625,0.03872395833333333,0.001716094680278175,0.3020854021708574
35,KHHWWVHSBDVS,69984,5616,0.4023157189941405,0.4022783685709635,0.6990885416666667,0.25906250000000003,0.05080729166666667,0.007083798211057828,0.5128443004022658
162,BMYKBWBBSBMR,31104,2880,0.31574920117187505,0.315663216796875,0.7043229166666666,0.16822916666666665,0.04481770833333334,0.00806355857294061,0.4541852195888133
95,VMYSSVVYMDNB,62208,2592,0.26169367032877605,0.2616561818033854,0.8862239583333333,0.09768229166666666,0.004921875,0.002614877627128383,0.31079219651303325
115,DSVMNMDVNNVV,373248,16640,0.4067573307291666,0.406739421875,0.7735416666666667,0.24348958333333334,0.06604166666666667,0.004397719661116265,0.32359689073403514
141,DSDKBBYDHDHB,157464,7168,0.44238656738281257,0.44225848250325517,0.76796875,0.167734375,0.0015104166666666666,0.007769312588848472,0.56117206178878
169,KVDKHYVNNWKN,165888,7776,0.3925756152343751,0.3925039344889323,0.7558854166666666,0.17190104166666667,0.05026041666666667,0.005401444747284635,0.3395295432324393
89,KVMMSDDRWYBD,31104,2560,0.23424726529947912,0.23424726529947915,0.5808072916666667,0.10739583333333334,0.04369791666666667,0.002567954635557027,0.1710681479302069
157,KVMNKVKMSVWM,27648,4752,0.4724685712076821,0.4723977887369793,0.6452083333333333,0.36859375,0.058359375,0.0006977683632792173,0.055235220383292497
196,BSBMHHVWSWHK,46656,5600,0.32002003076171875,0.32002003076171875,0.8714583333333333,0.055260416666666666,0.0,0.0018864169603852723,0.2196728693157982
189,KBBNVMWMVWNS,82944,9360,0.4022982858072916,0.4022734904785156,0.6906249999999999,0.23036458333333332,0.056953125,0.0006691973058788165,0.03629684981499773
224,KYRDYDSRWWKV,13824,1728,0.5488785275878905,0.5488785275878906,0.7884375,0.39921875,0.14307291666666666,0.012235123222966729,0.31959416607418856
213,SYVBVRDMBVNM,93312,4860,0.36776389624023437,0.36776389624023437,0.7448958333333334,0.24841145833333333,0.06838541666666667,0.006284336919914176,0.5528828322538223
206,SYBVSDNRMWHN,82944,2880,0.38046633178710965,0.38044359293619795,0.7278645833333334,0.264609375,0.07606770833333333,0.004905562867066246,0.21799160268244724
29,RYSMWYDMVMSW,9216,720,0.3114123436686198,0.31141234366861975,0.6320833333333333,0.19450520833333332,0.05809895833333333,0.003139344398359423,0.29342332964287077
114,RSNNYVYWRMBD,55296,945,0.22388494181315097,0.223884941813151,0.5321614583333333,0.07968750000000001,0.0,0.0019266415281463493,0.1932887696084802
216,RSSBMWDHNYMM,27648,3780,0.2506110225423178,0.2505882681477864,0.696953125,0.09799479166666668,0.004427083333333333,0.0002652839607438196,0.010009930470332353
54,SSBHYWNRHNVS,82944,4608,0.3156929529622396,0.3156929529622396,0.8260937500000001,0.11359375,0.03895833333333334,0.002091310327057821,0.3007791612599309
209,SSWHWWBDMSNW,27648,4320,0.3316324999186198,0.3316146858723958,0.7586197916666667,0.12875,0.043828124999999996,0.005340793733296857,0.3659880833707756
32,SMDMKBKKBBWS,20736,1620,0.42690852506510424,0.4269085250651041,0.7404427083333333,0.24888020833333332,0.11846354166666667,0.0038023027620554452,0.14236061849270504
48,SMDNKRMVSHMV,41472,3456,0.25623428670247395,0.25621609562174474,0.7375260416666666,0.055703125,0.005494791666666666,0.00022982262062111957,0.0048124665920283765
233,SMVWSWVBWDNM,41472,4320,0.3637217951660156,0.36372179516601566,0.741875,0.19018229166666667,0.069609375,0.005438689352952053,0.3532165596746777
197,RMNYYSMNVMYM,24576,1056,0.28118850081380203,0.28118850081380214,0.7709895833333333,0.13473958333333333,0.011666666666666667,0.000986041915437234,0.1932887696084802
200,SMWRBKRWDMRW,9216,2016,0.23573938151041673,0.23568867993164067,0.8511458333333333,0.0024479166666666664,0.0,0.0002390420322394969,0.008937437907711426
92,KMHRYBHYDYBM,31104,1470,0.2328525159505208,0.23285251595052078,0.6589583333333333,0.07015625,0.0031249999999999997,0.0017490892692870004,0.25771564117621326
155,RMHHBNDMWRVB,93312,5346,0.48306261271158873,0.48304762744140617,0.8271354166666667,0.26885416666666667,0.028515625,0.0028249227006093337,0.24571477914042172
219,SMHWNSRSMWMR,12288,1560,0.37798567846679676,0.3779856784667969,0.5863020833333333,0.2526041666666667,0.08973958333333333,0.0032112725513850915,0.21879535554755664
13,RMYWKMSSBNWD,18432,1456,0.407126633951823,0.4071266339518229,0.6662239583333334,0.3345052083333333,0.15955729166666668,0.005913527090425681,0.30765815763658594
134,KSDWHSKRKWWN,18432,3360,0.3823183537597658,0.38231835375976564,0.582734375,0.24091145833333336,0.105546875,0.006753928602517377,0.3690523299741179
